{
    "username" : "tking",
    "output_dir" : "./store/",
    "results_dir": "./model_results/",
    "models_dir": "./models/",
    "PACMan_version": "0.1",
    "log_dir" : "logs/",
    "log_level": "info",
    "close_collaborator_time_frame": 3,
    "assignment_number_top_reviewers": 6,

    "train": "true",
    "categorize_one_cycle": "true",
    "get_science_categories": "true",
    "compare_results_real": "true",    
    "duplication_checker": "true",
    "categorize_ads_reviewers": "true",
    "determine_close_collaborators": "true",
    "write_conflicts": "true",
    "make_assignments": "true",
    "cross_validate": "true",

    "test_training": "false",
    "duplication_checker_need_new_texts": "false",
    "duplication_checker_newcycles": "false",
    "load_model": "false",
    "load_file": "false",
    "cross_val_score_bal": "false",
    "cross_val_score_raw": "false",
    "conf_matrix": "false",

    "main_test_cycle": "Cycle29",
    "past_cycles": ["Cycle27", "Cycle28"],
    "scraper_cycles_to_analyze": "None",

    "duplication_checker_corpus_dir": "./duplication_hashes/",
    "training_filepath": "unclassified_proposals/",
    "proposal_working_directories": "proposal_data/",

    "modelfile": "strolger_pacman_model_7cycles.joblib",
    "authorfile_suffix": "_panelists.csv",
    "conflict_file_suffix": "_panelists_conflicts.pkl",
    "duplication_checker_corpus_suffix": "_hashes.pkl",
    "assignment_rankings_file_suffix": "_panelists_match_check.pkl",
    "assignment_outfile_suffix": "_assignments.txt",
    "compare_results_by_hand_file": "_hand_classifications.txt",
    "comparison_outfile": "_recategorization.txt",
    "training_suffix": "/*_training.txt",
    "train_savefile": "saved_corpora_train.pkl",
    "cross_validate_savefile": "saved_corpora_cross_validate.pkl",
    
    "help": {
        "username" : "name of user running PACMan tools",
        "output_dir" : "directory where output is stored, and where inputs are retrieved from",
        "results_dir": "directory where model results are stored",
        "models_dir": "directory where models are stored",
        "PACMan_version": "software version",
        "log_dir": "directory where logs are located",
        "log_level": "Set the level of logs printed to screen; options include 'info', 'debug', 'warning', 'critical'",
        "close_collaborator_time_frame": "Number of years over which to check close collaborators",
        "assignment_number_top_reviewers": "number of top recommneded reviewers",

        "train": "if set to 'true', run_pacman will run this script; if 'false', step will be skipped",
        "categorize_one_cycle": "if set to 'true', run_pacman will run this script; if 'false', step will be skipped",
        "get_science_categories": "if set to 'true', run_pacman will run this script; if 'false', step will be skipped",
        "compare_results_real": "if set to 'true', run_pacman will run this script; if 'false', step will be skipped",
        "duplication_checker": "if set to 'true', run_pacman will run this script; if 'false', step will be skipped",
        "categorize_ads_reviewers": "if set to 'true', run_pacman will run this script; if 'false', step will be skipped",
        "determine_close_collaborators": "if set to 'true', run_pacman will run this script; if 'false', step will be skipped",
        "write_conflicts":"if set to 'true', run_pacman will run this script; if 'false', step will be skipped",
        "make_assignments": "if set to 'true', run_pacman will run this script; if 'false', step will be skipped",
        "cross_validate": "if set to 'true', run_pacman will run this script; if 'false', step will be skipped",

        "test_training": "'false' is default; if set to 'true', includes tests on training",
        "duplication_checker_need_new_texts": "'true' or 'false', describing whether or not new scraped texts are needed",
        "duplication_checker_newcycles": "if 'true', generates hashes with new cycles",
        "load_model": "if 'true', load stored corpora in cross_validate",
        "load_file": "if 'true', load stored corpora in cross_validate",
        "cross_val_score_bal": "if 'true, determine cross validation score report from balanced dataframe",
        "cross_val_score_raw": "if 'true, determine cross validation score from total data set",
        "conf_matrix": "if 'true, produce cross validation confusion matrix",

        "main_test_cycle": "Prefix used throughout script to match with cycle description, eg. in format 'YYYYMMDD'",
        "past_cycles": "list of cycle prefixes of past cycles, eg ['20190204', '20160822']",
        "scraper_cycles_to_analyze": "default list of cycle prefixes of cycles to be used in proposal scraper, should usually be 'None'",
        
        "duplication_checker_corpus_dir": "filepath to duplication hashes",
        "training_filepath": "file path for unclassified proposals for use in training",
        "proposal_working_directories": "location of working directories to retrieve science categories, eg. 'proposal_data/'",

        "modelfile": "name of model file to use",
        "authorfile_suffix": "CSV file of authors",
        "conflict_file_suffix": "PKL file describing reviewer conflicts",
        "duplication_checker_corpus_suffix": "suffix for pickle files of duplication hashes, likely '_hashes.pkl'",
        "assignment_rankings_file_suffix": "PKL file suffix describing rankings, eg '_panelists_match_check.pkl'",
        "assignment_outfile_suffix": "txt file suffix for output, eg '_assignments.txt'",
        "compare_results_by_hand_file": "text file suffix for classification results file categorized by hand, eg '_hand_classifications.txt'",
        "comparison_outfile": "suffix of text file that is output by comparing PACMan results and the by-hand categorization",
        "training_suffix": "filepath of text file(s) containing trainig corpora",
        "train_savefile": "pkl file name to which corpora is saved",
        "cross_validate_savefile": "pkl file name to which corpora from cross_validate is saved"
    }
}
   
